<metadata xml:lang="es"><Esri><CreaDate>20230502</CreaDate><CreaTime>20512400</CreaTime><ArcGISFormat>1.0</ArcGISFormat><SyncOnce>FALSE</SyncOnce><DataProperties><lineage><Process ToolSource="c:\program files (x86)\arcgis\desktop10.8\ArcToolbox\Toolboxes\Data Management Tools.tbx\AlterField" Date="20230502" Time="205124">AlterField "Database Connections\03 PRODUCCION EDICION 11 - ADMBDG@GEODATAC.sde\ADMBDG.Area_actividad" FECHA_CAPTURA FECHA_CAPTURA "Fecha Actualización" DATE 8 NULLABLE false</Process><Process ToolSource="c:\program files\arcgis\pro\Resources\ArcToolbox\toolboxes\Data Management Tools.tbx\CalculateField" Date="20230919" Time="081930">CalculateField "Área actividad" ACTO_ADMINISTRATIVO "RES" "Python 3" # Text NO_ENFORCE_DOMAINS</Process><Process ToolSource="c:\program files\arcgis\pro\Resources\ArcToolbox\toolboxes\Data Management Tools.tbx\CalculateField" Date="20230919" Time="081955">CalculateField "Área actividad" NUMERO_ACTO_ADMINISTRATIVO "1977" "Python 3" # Text NO_ENFORCE_DOMAINS</Process><Process ToolSource="c:\program files\arcgis\pro\Resources\ArcToolbox\toolboxes\Data Management Tools.tbx\CalculateField" Date="20230919" Time="082040">CalculateField "Área actividad" FECHA_ACTO_ADMINISTRATIVO "8/09/2023" "Python 3" # Text NO_ENFORCE_DOMAINS</Process><Process ToolSource="c:\program files\arcgis\pro\Resources\ArcToolbox\toolboxes\Data Management Tools.tbx\CalculateField" Date="20230919" Time="082152">CalculateField "Área actividad" FECHA_CAPTURA "8/09/2023" "Python 3" # Text NO_ENFORCE_DOMAINS</Process><Process ToolSource="c:\program files\arcgis\pro\Resources\ArcToolbox\toolboxes\Conversion Tools.tbx\ExportFeatures" Date="20230919" Time="084358">ExportFeatures "C:\Users\aramirez\AppData\Roaming\Esri\ArcGISPro\Favorites\sde (1).sde\ADMBDG.Norma_Urbana\ADMBDG.Area_actividad" "R:\DATOS\4_TEMPO_TAREAS\IDECA\ENTREGAS_INFO_PARA_IDECA\2023_04_14_BASE_PARA_DATOS_ABIERTOS\SDP_DATOS_ABIERTOS\FormatoSHP (1)\AreaActividad.shp" # NOT_USE_ALIAS "CODIGO_ID "Identificador Único" true true false 20 Text 0 0,First,#,C:\Users\aramirez\AppData\Roaming\Esri\ArcGISPro\Favorites\sde (1).sde\ADMBDG.Norma_Urbana\ADMBDG.Area_actividad,CODIGO_ID,0,20;CODIGO_AREA_ACTIVIDAD "Código Área Actividad" true true false 10 Text 0 0,First,#,C:\Users\aramirez\AppData\Roaming\Esri\ArcGISPro\Favorites\sde (1).sde\ADMBDG.Norma_Urbana\ADMBDG.Area_actividad,CODIGO_AREA_ACTIVIDAD,0,10;NOMBRE_AREA_ACTIVIDAD "Nombre Área Actividad" true true false 200 Text 0 0,First,#,C:\Users\aramirez\AppData\Roaming\Esri\ArcGISPro\Favorites\sde (1).sde\ADMBDG.Norma_Urbana\ADMBDG.Area_actividad,NOMBRE_AREA_ACTIVIDAD,0,200;ACTO_ADMINISTRATIVO "Acto Administrativo" true true false 4 Text 0 0,First,#,C:\Users\aramirez\AppData\Roaming\Esri\ArcGISPro\Favorites\sde (1).sde\ADMBDG.Norma_Urbana\ADMBDG.Area_actividad,ACTO_ADMINISTRATIVO,0,4;NUMERO_ACTO_ADMINISTRATIVO "Número Acto Adminstrativo" true true false 20 Text 0 0,First,#,C:\Users\aramirez\AppData\Roaming\Esri\ArcGISPro\Favorites\sde (1).sde\ADMBDG.Norma_Urbana\ADMBDG.Area_actividad,NUMERO_ACTO_ADMINISTRATIVO,0,20;FECHA_ACTO_ADMINISTRATIVO "Fecha Número Acto Adminstrativo" true true false 8 Date 0 0,First,#,C:\Users\aramirez\AppData\Roaming\Esri\ArcGISPro\Favorites\sde (1).sde\ADMBDG.Norma_Urbana\ADMBDG.Area_actividad,FECHA_ACTO_ADMINISTRATIVO,-1,-1;NORMATIVA "Normativa" true true false 255 Text 0 0,First,#,C:\Users\aramirez\AppData\Roaming\Esri\ArcGISPro\Favorites\sde (1).sde\ADMBDG.Norma_Urbana\ADMBDG.Area_actividad,NORMATIVA,0,255;OBSERVACION "Observación" true true false 255 Text 0 0,First,#,C:\Users\aramirez\AppData\Roaming\Esri\ArcGISPro\Favorites\sde (1).sde\ADMBDG.Norma_Urbana\ADMBDG.Area_actividad,OBSERVACION,0,255;ESCALA_CAPTURA "Escala Captura" true true false 10 Text 0 0,First,#,C:\Users\aramirez\AppData\Roaming\Esri\ArcGISPro\Favorites\sde (1).sde\ADMBDG.Norma_Urbana\ADMBDG.Area_actividad,ESCALA_CAPTURA,0,10;FECHA_CAPTURA "Fecha Actualización" true true false 8 Date 0 0,First,#,C:\Users\aramirez\AppData\Roaming\Esri\ArcGISPro\Favorites\sde (1).sde\ADMBDG.Norma_Urbana\ADMBDG.Area_actividad,FECHA_CAPTURA,-1,-1;RESPONSABLE "Responsable" true true false 4 Text 0 0,First,#,C:\Users\aramirez\AppData\Roaming\Esri\ArcGISPro\Favorites\sde (1).sde\ADMBDG.Norma_Urbana\ADMBDG.Area_actividad,RESPONSABLE,0,4" #</Process></lineage><itemProps><itemName Sync="TRUE">AreaActividad</itemName><imsContentType Sync="TRUE">002</imsContentType><itemSize Sync="TRUE">0.000</itemSize><itemLocation><linkage Sync="TRUE">file://\\1061SDP20\R\DATOS\4_TEMPO_TAREAS\IDECA\ENTREGAS_INFO_PARA_IDECA\2023_04_14_BASE_PARA_DATOS_ABIERTOS\SDP_DATOS_ABIERTOS\FormatoSHP (1)\AreaActividad.shp</linkage><protocol Sync="TRUE">Local Area Network</protocol></itemLocation></itemProps><coordRef><type Sync="TRUE">Projected</type><geogcsn Sync="TRUE">GCS_CarMAGBOG</geogcsn><csUnits Sync="TRUE">Linear Unit: Meter (1.000000)</csUnits><projcsn Sync="TRUE">PCS_CarMAGBOG</projcsn><peXml Sync="TRUE">&lt;ProjectedCoordinateSystem xsi:type='typens:ProjectedCoordinateSystem' xmlns:xsi='http://www.w3.org/2001/XMLSchema-instance' xmlns:xs='http://www.w3.org/2001/XMLSchema' xmlns:typens='http://www.esri.com/schemas/ArcGIS/3.1.0'&gt;&lt;WKT&gt;PROJCS[&amp;quot;PCS_CarMAGBOG&amp;quot;,GEOGCS[&amp;quot;GCS_CarMAGBOG&amp;quot;,DATUM[&amp;quot;CGS_CarMAGBOG&amp;quot;,SPHEROID[&amp;quot;GRS80 Mod&amp;quot;,6380687.0,298.257222101]],PRIMEM[&amp;quot;Greenwich&amp;quot;,0.0],UNIT[&amp;quot;Degree&amp;quot;,0.0174532925199433]],PROJECTION[&amp;quot;Transverse_Mercator&amp;quot;],PARAMETER[&amp;quot;False_Easting&amp;quot;,92334.879],PARAMETER[&amp;quot;False_Northing&amp;quot;,109320.965],PARAMETER[&amp;quot;Central_Meridian&amp;quot;,-74.14659167],PARAMETER[&amp;quot;Scale_Factor&amp;quot;,1.0],PARAMETER[&amp;quot;Latitude_Of_Origin&amp;quot;,4.680486111],UNIT[&amp;quot;Meter&amp;quot;,1.0]]&lt;/WKT&gt;&lt;XOrigin&gt;-5533100&lt;/XOrigin&gt;&lt;YOrigin&gt;-10414600&lt;/YOrigin&gt;&lt;XYScale&gt;450083161.59267002&lt;/XYScale&gt;&lt;ZOrigin&gt;-100000&lt;/ZOrigin&gt;&lt;ZScale&gt;10000&lt;/ZScale&gt;&lt;MOrigin&gt;-100000&lt;/MOrigin&gt;&lt;MScale&gt;10000&lt;/MScale&gt;&lt;XYTolerance&gt;0.001&lt;/XYTolerance&gt;&lt;ZTolerance&gt;0.001&lt;/ZTolerance&gt;&lt;MTolerance&gt;0.001&lt;/MTolerance&gt;&lt;HighPrecision&gt;true&lt;/HighPrecision&gt;&lt;/ProjectedCoordinateSystem&gt;</peXml></coordRef></DataProperties><SyncDate>20230919</SyncDate><SyncTime>08435700</SyncTime><ModDate>20230919</ModDate><ModTime>08435700</ModTime></Esri><dataIdInfo><envirDesc Sync="TRUE">Microsoft Windows 10 Version 10.0 (Build 19045) ; Esri ArcGIS 13.1.2.41833</envirDesc><dataLang><languageCode value="spa" Sync="TRUE"></languageCode><countryCode value="COL" Sync="TRUE"></countryCode></dataLang><idCitation><resTitle Sync="TRUE">AreaActividad</resTitle><presForm><PresFormCd value="005" Sync="TRUE"></PresFormCd></presForm></idCitation><spatRpType><SpatRepTypCd value="001" Sync="TRUE"></SpatRepTypCd></spatRpType></dataIdInfo><mdLang><languageCode value="spa" Sync="TRUE"></languageCode><countryCode value="COL" Sync="TRUE"></countryCode></mdLang><distInfo><distFormat><formatName Sync="TRUE">Shapefile</formatName></distFormat><distTranOps><transSize Sync="TRUE">0.000</transSize></distTranOps></distInfo><mdHrLv><ScopeCd value="005" Sync="TRUE"></ScopeCd></mdHrLv><mdHrLvName Sync="TRUE">dataset</mdHrLvName><refSysInfo><RefSystem><refSysID><identCode code="0" Sync="TRUE"></identCode></refSysID></RefSystem></refSysInfo><spatRepInfo><VectSpatRep><geometObjs Name="AreaActividad"><geoObjTyp><GeoObjTypCd value="002" Sync="TRUE"></GeoObjTypCd></geoObjTyp><geoObjCnt Sync="TRUE">0</geoObjCnt></geometObjs><topLvl><TopoLevCd value="001" Sync="TRUE"></TopoLevCd></topLvl></VectSpatRep></spatRepInfo><spdoinfo><ptvctinf><esriterm Name="AreaActividad"><efeatyp Sync="TRUE">Simple</efeatyp><efeageom code="4" Sync="TRUE"></efeageom><esritopo Sync="TRUE">FALSE</esritopo><efeacnt Sync="TRUE">0</efeacnt><spindex Sync="TRUE">FALSE</spindex><linrefer Sync="TRUE">FALSE</linrefer></esriterm></ptvctinf></spdoinfo><eainfo><detailed Name="AreaActividad"><enttyp><enttypl Sync="TRUE">AreaActividad</enttypl><enttypt Sync="TRUE">Feature Class</enttypt><enttypc Sync="TRUE">0</enttypc></enttyp><attr><attrlabl Sync="TRUE">FID</attrlabl><attalias Sync="TRUE">FID</attalias><attrtype Sync="TRUE">OID</attrtype><attwidth Sync="TRUE">4</attwidth><atprecis Sync="TRUE">0</atprecis><attscale Sync="TRUE">0</attscale><attrdef Sync="TRUE">Internal feature number.</attrdef><attrdefs Sync="TRUE">Esri</attrdefs><attrdomv><udom Sync="TRUE">Sequential unique whole numbers that are automatically generated.</udom></attrdomv></attr><attr><attrlabl Sync="TRUE">Shape</attrlabl><attalias Sync="TRUE">Shape</attalias><attrtype Sync="TRUE">Geometry</attrtype><attwidth Sync="TRUE">0</attwidth><atprecis Sync="TRUE">0</atprecis><attscale Sync="TRUE">0</attscale><attrdef Sync="TRUE">Feature geometry.</attrdef><attrdefs Sync="TRUE">Esri</attrdefs><attrdomv><udom Sync="TRUE">Coordinates defining the features.</udom></attrdomv></attr><attr><attrlabl Sync="TRUE">CODIGO_ID</attrlabl><attalias Sync="TRUE">CODIGO_ID</attalias><attrtype Sync="TRUE">String</attrtype><attwidth Sync="TRUE">20</attwidth><atprecis Sync="TRUE">0</atprecis><attscale Sync="TRUE">0</attscale></attr><attr><attrlabl Sync="TRUE">CODIGO_ARE</attrlabl><attalias Sync="TRUE">CODIGO_ARE</attalias><attrtype Sync="TRUE">String</attrtype><attwidth Sync="TRUE">10</attwidth><atprecis Sync="TRUE">0</atprecis><attscale Sync="TRUE">0</attscale></attr><attr><attrlabl Sync="TRUE">NOMBRE_ARE</attrlabl><attalias Sync="TRUE">NOMBRE_ARE</attalias><attrtype Sync="TRUE">String</attrtype><attwidth Sync="TRUE">200</attwidth><atprecis Sync="TRUE">0</atprecis><attscale Sync="TRUE">0</attscale></attr><attr><attrlabl Sync="TRUE">ACTO_ADMIN</attrlabl><attalias Sync="TRUE">ACTO_ADMIN</attalias><attrtype Sync="TRUE">String</attrtype><attwidth Sync="TRUE">4</attwidth><atprecis Sync="TRUE">0</atprecis><attscale Sync="TRUE">0</attscale></attr><attr><attrlabl Sync="TRUE">NUMERO_ACT</attrlabl><attalias Sync="TRUE">NUMERO_ACT</attalias><attrtype Sync="TRUE">String</attrtype><attwidth Sync="TRUE">20</attwidth><atprecis Sync="TRUE">0</atprecis><attscale Sync="TRUE">0</attscale></attr><attr><attrlabl Sync="TRUE">FECHA_ACTO</attrlabl><attalias Sync="TRUE">FECHA_ACTO</attalias><attrtype Sync="TRUE">Date</attrtype><attwidth Sync="TRUE">8</attwidth><atprecis Sync="TRUE">0</atprecis><attscale Sync="TRUE">0</attscale></attr><attr><attrlabl Sync="TRUE">NORMATIVA</attrlabl><attalias Sync="TRUE">NORMATIVA</attalias><attrtype Sync="TRUE">String</attrtype><attwidth Sync="TRUE">254</attwidth><atprecis Sync="TRUE">0</atprecis><attscale Sync="TRUE">0</attscale></attr><attr><attrlabl Sync="TRUE">OBSERVACIO</attrlabl><attalias Sync="TRUE">OBSERVACIO</attalias><attrtype Sync="TRUE">String</attrtype><attwidth Sync="TRUE">254</attwidth><atprecis Sync="TRUE">0</atprecis><attscale Sync="TRUE">0</attscale></attr><attr><attrlabl Sync="TRUE">ESCALA_CAP</attrlabl><attalias Sync="TRUE">ESCALA_CAP</attalias><attrtype Sync="TRUE">String</attrtype><attwidth Sync="TRUE">10</attwidth><atprecis Sync="TRUE">0</atprecis><attscale Sync="TRUE">0</attscale></attr><attr><attrlabl Sync="TRUE">FECHA_CAPT</attrlabl><attalias Sync="TRUE">FECHA_CAPT</attalias><attrtype Sync="TRUE">Date</attrtype><attwidth Sync="TRUE">8</attwidth><atprecis Sync="TRUE">0</atprecis><attscale Sync="TRUE">0</attscale></attr><attr><attrlabl Sync="TRUE">RESPONSABL</attrlabl><attalias Sync="TRUE">RESPONSABL</attalias><attrtype Sync="TRUE">String</attrtype><attwidth Sync="TRUE">4</attwidth><atprecis Sync="TRUE">0</atprecis><attscale Sync="TRUE">0</attscale></attr></detailed></eainfo><mdDateSt Sync="TRUE">20230919</mdDateSt></metadata>
