<?xml version="1.0" encoding="UTF-8"?>
<metadata xml:lang="es"><Esri><CreaDate>20230607</CreaDate><CreaTime>22215900</CreaTime><ArcGISFormat>1.0</ArcGISFormat><SyncOnce>TRUE</SyncOnce><DataProperties><lineage><Process ToolSource="c:\program files (x86)\arcgis\desktop10.5\ArcToolbox\Toolboxes\Data Management Tools.tbx\CalculateField" Date="20230607" Time="174804">CalculateField "Huerta Agricultura Urbana" CodLocalidad "99" VB #</Process><Process ToolSource="c:\program files (x86)\arcgis\desktop10.5\ArcToolbox\Toolboxes\Data Management Tools.tbx\CalculateField" Date="20230607" Time="174820">CalculateField "Huerta Agricultura Urbana" CodUPZ "999" VB #</Process><Process ToolSource="c:\program files (x86)\arcgis\desktop10.5\ArcToolbox\Toolboxes\Data Management Tools.tbx\CalculateField" Date="20230607" Time="174834">CalculateField "Huerta Agricultura Urbana" CodScat "999999" VB #</Process><Process ToolSource="c:\program files (x86)\arcgis\desktop10.5\ArcToolbox\Toolboxes\Data Management Tools.tbx\CalculateField" Date="20230607" Time="174856">CalculateField "Huerta Agricultura Urbana" Fecha_Actualizacion "30/05/2023" VB #</Process></lineage></DataProperties></Esri></metadata>
