<metadata xml:lang="es"><Esri><CreaDate>20240316</CreaDate><CreaTime>11360600</CreaTime><ArcGISFormat>1.0</ArcGISFormat><SyncOnce>FALSE</SyncOnce><DataProperties><lineage><Process ToolSource="c:\program files (x86)\arcgis\desktop10.8\ArcToolbox\Toolboxes\Data Management Tools.tbx\CalculateField" Date="20220902" Time="081155">CalculateField "Estructura ecológica principal" OBSERVACION null VB #</Process><Process ToolSource="c:\program files (x86)\arcgis\desktop10.8\ArcToolbox\Toolboxes\Data Management Tools.tbx\CalculateField" Date="20230228" Time="151921">CalculateField "Estructura ecológica principal" FECHA_CAPTURA "28/02/2023" VB #</Process><Process ToolSource="c:\program files (x86)\arcgis\desktop10.8\ArcToolbox\Toolboxes\Data Management Tools.tbx\CalculateField" Date="20230424" Time="162400">CalculateField "Estructura ecológica principal" FECHA_CAPTURA "29/03/2023" VB #</Process><Process ToolSource="c:\program files (x86)\arcgis\desktop10.8\ArcToolbox\Toolboxes\Data Management Tools.tbx\CalculateField" Date="20230424" Time="180511">CalculateField "Estructura ecológica principal" RESPONSABLE 553 VB #</Process><Process ToolSource="c:\program files (x86)\arcgis\desktop10.8\ArcToolbox\Toolboxes\Data Management Tools.tbx\CalculateField" Date="20230424" Time="184757">CalculateField "Estructura ecológica principal" FECHA_CAPTURA "03/04/2023" VB #</Process><Process ToolSource="c:\program files (x86)\arcgis\desktop10.8\ArcToolbox\Toolboxes\Data Management Tools.tbx\AlterField" Date="20230502" Time="204448">AlterField "Database Connections\03 PRODUCCION EDICION 11 - ADMBDG@GEODATAC.sde\ADMBDG.Estructura_ecologica_principal" FECHA_CAPTURA FECHA_CAPTURA "Fecha Actualización" DATE 8 NULLABLE false</Process><Process ToolSource="c:\program files\arcgis\pro\Resources\ArcToolbox\toolboxes\Data Management Tools.tbx\DeleteFeatures" Date="20230605" Time="071345">DeleteFeatures C:\Users\aramirez.DAPD\AppData\Roaming\Esri\ArcGISPro\Favorites\sde.sde\ADMBDG.Estruct_Ecolog_Princ_Distrital\ADMBDG.Estructura_ecologica_principal</Process><Process ToolSource="c:\program files\arcgis\pro\Resources\ArcToolbox\toolboxes\Data Management Tools.tbx\Append" Date="20230605" Time="071539">Append R:\DATOS\1_PASO_A_PRODUCCION\5_Parques.gdb\Estruct_Ecolog_Princ_Distrital\Estructura_ecologica_principal_20230529 C:\Users\aramirez.DAPD\AppData\Roaming\Esri\ArcGISPro\Favorites\sde.sde\ADMBDG.Estruct_Ecolog_Princ_Distrital\ADMBDG.Estructura_ecologica_principal "El esquema de entrada debe coincidir con el esquema de destino" # # #</Process><Process ToolSource="c:\program files\arcgis\pro\Resources\ArcToolbox\toolboxes\Data Management Tools.tbx\DeleteFeatures" Date="20230622" Time="111311">DeleteFeatures C:\Users\aramirez.DAPD\AppData\Roaming\Esri\ArcGISPro\Favorites\sde.sde\ADMBDG.Estruct_Ecolog_Princ_Distrital\ADMBDG.Estructura_ecologica_principal</Process><Process ToolSource="c:\program files\arcgis\pro\Resources\ArcToolbox\toolboxes\Data Management Tools.tbx\Append" Date="20230622" Time="111452">Append R:\DATOS\1_PASO_A_PRODUCCION\8_PARQUES.gdb\Estructura_ecologica_principal_20230531 C:\Users\aramirez.DAPD\AppData\Roaming\Esri\ArcGISPro\Favorites\sde.sde\ADMBDG.Estruct_Ecolog_Princ_Distrital\ADMBDG.Estructura_ecologica_principal "El esquema de entrada debe coincidir con el esquema de destino" # # #</Process><Process ToolSource="c:\program files\arcgis\pro\Resources\ArcToolbox\toolboxes\Data Management Tools.tbx\Append" Date="20230914" Time="102729">Append R:\DATOS\1_PASO_A_PRODUCCION\9e_parques_junio.gdb\Sistema_Distrital_Parques\EEP "C:\Users\aramirez\AppData\Roaming\Esri\ArcGISPro\Favorites\sde (1).sde\ADMBDG.Estruct_Ecolog_Princ_Distrital\ADMBDG.Estructura_ecologica_principal" "Use the field map to reconcile field differences" "CODIGO_ID "Identificador Único" true true false 20 Text 0 0,First,#,R:\DATOS\1_PASO_A_PRODUCCION\9e_parques_junio.gdb\Sistema_Distrital_Parques\EEP,CODIGO_ID,0,20;COMPONENTE "Componente" true true false 255 Text 0 0,First,#,R:\DATOS\1_PASO_A_PRODUCCION\9e_parques_junio.gdb\Sistema_Distrital_Parques\EEP,COMPONENTE,0,255;CATEGORIA "Categoría" true true false 255 Text 0 0,First,#,R:\DATOS\1_PASO_A_PRODUCCION\9e_parques_junio.gdb\Sistema_Distrital_Parques\EEP,CATEGORIA,0,255;ELEMENTO "Elemento" true true false 255 Text 0 0,First,#,R:\DATOS\1_PASO_A_PRODUCCION\9e_parques_junio.gdb\Sistema_Distrital_Parques\EEP,ELEMENTO,0,255;AREA_AMBIENTAL "Área Ambiental" true true false 255 Text 0 0,First,#,R:\DATOS\1_PASO_A_PRODUCCION\9e_parques_junio.gdb\Sistema_Distrital_Parques\EEP,AREA_AMBIENTAL,0,255;NOMBRE_TOTAL "Nombre Total" true true false 255 Text 0 0,First,#,R:\DATOS\1_PASO_A_PRODUCCION\9e_parques_junio.gdb\Sistema_Distrital_Parques\EEP,NOMBRE_TOTAL,0,255;ACTO_ADMINISTRATIVO "Acto Administrativo" true true false 1073741822 Text 0 0,First,#,R:\DATOS\1_PASO_A_PRODUCCION\9e_parques_junio.gdb\Sistema_Distrital_Parques\EEP,ACTO_ADMINISTRATIVO,0,1073741822;NORMATIVA "Normativa" true true false 255 Text 0 0,First,#,R:\DATOS\1_PASO_A_PRODUCCION\9e_parques_junio.gdb\Sistema_Distrital_Parques\EEP,NORMATIVA,0,255;OBSERVACION "Observación" true true false 255 Text 0 0,First,#,R:\DATOS\1_PASO_A_PRODUCCION\9e_parques_junio.gdb\Sistema_Distrital_Parques\EEP,OBSERVACION,0,255;ESCALA_CAPTURA "Escala Captura" true true false 10 Text 0 0,First,#,R:\DATOS\1_PASO_A_PRODUCCION\9e_parques_junio.gdb\Sistema_Distrital_Parques\EEP,ESCALA_CAPTURA,0,10;FECHA_CAPTURA "Fecha Actualización" true true false 8 Date 0 0,First,#,R:\DATOS\1_PASO_A_PRODUCCION\9e_parques_junio.gdb\Sistema_Distrital_Parques\EEP,FECHA_CAPTURA,-1,-1;RESPONSABLE "Responsable" true true false 4 Text 0 0,First,#,R:\DATOS\1_PASO_A_PRODUCCION\9e_parques_junio.gdb\Sistema_Distrital_Parques\EEP,RESPONSABLE,0,4;REGLAID "ReglaID" true true true 4 Long 0 10,First,#,R:\DATOS\1_PASO_A_PRODUCCION\9e_parques_junio.gdb\Sistema_Distrital_Parques\EEP,REGLAID,-1,-1;OVERRIDE "Override" true true true 0 Blob 0 0,First,#,R:\DATOS\1_PASO_A_PRODUCCION\9e_parques_junio.gdb\Sistema_Distrital_Parques\EEP,OVERRIDE,-1,-1" # # # NOT_UPDATE_GEOMETRY</Process><Process ToolSource="c:\program files\arcgis\pro\Resources\ArcToolbox\toolboxes\Data Management Tools.tbx\CalculateField" Date="20230914" Time="103011">CalculateField ADMBDG.Estructura_ecologica_principal FECHA_CAPTURA "19/07/2023" "Python 3" # Text NO_ENFORCE_DOMAINS</Process><Process ToolSource="c:\program files\arcgis\pro\Resources\ArcToolbox\toolboxes\Data Management Tools.tbx\Append" Date="20231130" Time="145930">Append R:\DATOS\1_PASO_A_PRODUCCION\11_PARQUES_EEP.gdb\Estructura_ecologica_principal_20231031 "C:\Users\aramirez\AppData\Roaming\Esri\ArcGISPro\Favorites\sde (1).sde\ADMBDG.Estruct_Ecolog_Princ_Distrital\ADMBDG.Estructura_ecologica_principal" "Use the field map to reconcile field differences" "CODIGO_ID "Identificador Único" true true false 20 Text 0 0,First,#,R:\DATOS\1_PASO_A_PRODUCCION\11_PARQUES_EEP.gdb\Estructura_ecologica_principal_20231031,CODIGO_ID,0,19;COMPONENTE "Componente" true true false 255 Text 0 0,First,#,R:\DATOS\1_PASO_A_PRODUCCION\11_PARQUES_EEP.gdb\Estructura_ecologica_principal_20231031,COMPONENTE,0,254;CATEGORIA "Categoría" true true false 255 Text 0 0,First,#,R:\DATOS\1_PASO_A_PRODUCCION\11_PARQUES_EEP.gdb\Estructura_ecologica_principal_20231031,CATEGORIA,0,254;ELEMENTO "Elemento" true true false 255 Text 0 0,First,#,R:\DATOS\1_PASO_A_PRODUCCION\11_PARQUES_EEP.gdb\Estructura_ecologica_principal_20231031,ELEMENTO,0,254;AREA_AMBIENTAL "Área Ambiental" true true false 255 Text 0 0,First,#,R:\DATOS\1_PASO_A_PRODUCCION\11_PARQUES_EEP.gdb\Estructura_ecologica_principal_20231031,AREA_AMBIENTAL,0,254;NOMBRE_TOTAL "Nombre Total" true true false 255 Text 0 0,First,#,R:\DATOS\1_PASO_A_PRODUCCION\11_PARQUES_EEP.gdb\Estructura_ecologica_principal_20231031,NOMBRE_TOTAL,0,254;ACTO_ADMINISTRATIVO "Acto Administrativo" true true false 1073741822 Text 0 0,First,#,R:\DATOS\1_PASO_A_PRODUCCION\11_PARQUES_EEP.gdb\Estructura_ecologica_principal_20231031,ACTO_ADMINISTRATIVO,0,1073741821;NORMATIVA "Normativa" true true false 255 Text 0 0,First,#,R:\DATOS\1_PASO_A_PRODUCCION\11_PARQUES_EEP.gdb\Estructura_ecologica_principal_20231031,NORMATIVA,0,254;OBSERVACION "Observación" true true false 255 Text 0 0,First,#,R:\DATOS\1_PASO_A_PRODUCCION\11_PARQUES_EEP.gdb\Estructura_ecologica_principal_20231031,OBSERVACION,0,254;ESCALA_CAPTURA "Escala Captura" true true false 10 Text 0 0,First,#,R:\DATOS\1_PASO_A_PRODUCCION\11_PARQUES_EEP.gdb\Estructura_ecologica_principal_20231031,ESCALA_CAPTURA,0,9;FECHA_CAPTURA "Fecha Actualización" true true false 8 Date 0 0,First,#,R:\DATOS\1_PASO_A_PRODUCCION\11_PARQUES_EEP.gdb\Estructura_ecologica_principal_20231031,FECHA_CAPTURA,-1,-1;RESPONSABLE "Responsable" true true false 4 Text 0 0,First,#,R:\DATOS\1_PASO_A_PRODUCCION\11_PARQUES_EEP.gdb\Estructura_ecologica_principal_20231031,RESPONSABLE,0,3;REGLAID "ReglaID" true true true 4 Long 0 10,First,#,R:\DATOS\1_PASO_A_PRODUCCION\11_PARQUES_EEP.gdb\Estructura_ecologica_principal_20231031,REGLAID,-1,-1;OVERRIDE "Override" true true true 0 Blob 0 0,First,#,R:\DATOS\1_PASO_A_PRODUCCION\11_PARQUES_EEP.gdb\Estructura_ecologica_principal_20231031,OVERRIDE,-1,-1" # # # NOT_UPDATE_GEOMETRY</Process><Process ToolSource="c:\program files\arcgis\pro\Resources\ArcToolbox\toolboxes\Data Management Tools.tbx\CalculateField" Date="20240228" Time="070621">CalculateField "Estructura ecológica principal" ACTO_ADMINISTRATIVO "Resolución 1686 del 14 de diciembre de 2023" Python # Text NO_ENFORCE_DOMAINS</Process><Process ToolSource="c:\program files\arcgis\pro\Resources\ArcToolbox\toolboxes\Data Management Tools.tbx\CalculateField" Date="20240228" Time="071145">CalculateField "Estructura ecológica principal" FECHA_CAPTURA "14/12/2023" Python # Text NO_ENFORCE_DOMAINS</Process><Process ToolSource="c:\program files\arcgis\pro\Resources\ArcToolbox\toolboxes\Data Management Tools.tbx\Append" Date="20240422" Time="154525">Append R:\DATOS\4_TEMPO_TAREAS\5_MANTENIMIENTO_BDG\PROYECTO_FASE_2024\COMPILADO\IDRD\RESOLUCION_339_2024\shape_parques_procesamiento.gdb\Estructura_ecologica_principal_20240306 "C:\Users\aramirez\AppData\Roaming\Esri\ArcGISPro\Favorites\sde (1).sde\ADMBDG.Estruct_Ecolog_Princ_Distrital\ADMBDG.Estructura_ecologica_principal" "Use the field map to reconcile field differences" "CODIGO_ID "Identificador Único" true true false 20 Text 0 0,First,#,R:\DATOS\4_TEMPO_TAREAS\5_MANTENIMIENTO_BDG\PROYECTO_FASE_2024\COMPILADO\IDRD\RESOLUCION_339_2024\shape_parques_procesamiento.gdb\Estructura_ecologica_principal_20240306,CODIGO_ID,0,19;COMPONENTE "Componente" true true false 255 Text 0 0,First,#,R:\DATOS\4_TEMPO_TAREAS\5_MANTENIMIENTO_BDG\PROYECTO_FASE_2024\COMPILADO\IDRD\RESOLUCION_339_2024\shape_parques_procesamiento.gdb\Estructura_ecologica_principal_20240306,COMPONENTE,0,254;CATEGORIA "Categoría" true true false 255 Text 0 0,First,#,R:\DATOS\4_TEMPO_TAREAS\5_MANTENIMIENTO_BDG\PROYECTO_FASE_2024\COMPILADO\IDRD\RESOLUCION_339_2024\shape_parques_procesamiento.gdb\Estructura_ecologica_principal_20240306,CATEGORIA,0,254;ELEMENTO "Elemento" true true false 255 Text 0 0,First,#,R:\DATOS\4_TEMPO_TAREAS\5_MANTENIMIENTO_BDG\PROYECTO_FASE_2024\COMPILADO\IDRD\RESOLUCION_339_2024\shape_parques_procesamiento.gdb\Estructura_ecologica_principal_20240306,ELEMENTO,0,254;AREA_AMBIENTAL "Área Ambiental" true true false 255 Text 0 0,First,#,R:\DATOS\4_TEMPO_TAREAS\5_MANTENIMIENTO_BDG\PROYECTO_FASE_2024\COMPILADO\IDRD\RESOLUCION_339_2024\shape_parques_procesamiento.gdb\Estructura_ecologica_principal_20240306,AREA_AMBIENTAL,0,254;NOMBRE_TOTAL "Nombre Total" true true false 255 Text 0 0,First,#,R:\DATOS\4_TEMPO_TAREAS\5_MANTENIMIENTO_BDG\PROYECTO_FASE_2024\COMPILADO\IDRD\RESOLUCION_339_2024\shape_parques_procesamiento.gdb\Estructura_ecologica_principal_20240306,NOMBRE_TOTAL,0,254;ACTO_ADMINISTRATIVO "Acto Administrativo" true true false 1073741822 Text 0 0,First,#,R:\DATOS\4_TEMPO_TAREAS\5_MANTENIMIENTO_BDG\PROYECTO_FASE_2024\COMPILADO\IDRD\RESOLUCION_339_2024\shape_parques_procesamiento.gdb\Estructura_ecologica_principal_20240306,ACTO_ADMINISTRATIVO,0,1073741821;NORMATIVA "Normativa" true true false 255 Text 0 0,First,#,R:\DATOS\4_TEMPO_TAREAS\5_MANTENIMIENTO_BDG\PROYECTO_FASE_2024\COMPILADO\IDRD\RESOLUCION_339_2024\shape_parques_procesamiento.gdb\Estructura_ecologica_principal_20240306,NORMATIVA,0,254;OBSERVACION "Observación" true true false 255 Text 0 0,First,#,R:\DATOS\4_TEMPO_TAREAS\5_MANTENIMIENTO_BDG\PROYECTO_FASE_2024\COMPILADO\IDRD\RESOLUCION_339_2024\shape_parques_procesamiento.gdb\Estructura_ecologica_principal_20240306,OBSERVACION,0,254;ESCALA_CAPTURA "Escala Captura" true true false 10 Text 0 0,First,#,R:\DATOS\4_TEMPO_TAREAS\5_MANTENIMIENTO_BDG\PROYECTO_FASE_2024\COMPILADO\IDRD\RESOLUCION_339_2024\shape_parques_procesamiento.gdb\Estructura_ecologica_principal_20240306,ESCALA_CAPTURA,0,9;FECHA_CAPTURA "Fecha Actualización" true true false 8 Date 0 0,First,#,R:\DATOS\4_TEMPO_TAREAS\5_MANTENIMIENTO_BDG\PROYECTO_FASE_2024\COMPILADO\IDRD\RESOLUCION_339_2024\shape_parques_procesamiento.gdb\Estructura_ecologica_principal_20240306,FECHA_CAPTURA,-1,-1;RESPONSABLE "Responsable" true true false 4 Text 0 0,First,#,R:\DATOS\4_TEMPO_TAREAS\5_MANTENIMIENTO_BDG\PROYECTO_FASE_2024\COMPILADO\IDRD\RESOLUCION_339_2024\shape_parques_procesamiento.gdb\Estructura_ecologica_principal_20240306,RESPONSABLE,0,3;REGLAID "ReglaID" true true true 4 Long 0 10,First,#,R:\DATOS\4_TEMPO_TAREAS\5_MANTENIMIENTO_BDG\PROYECTO_FASE_2024\COMPILADO\IDRD\RESOLUCION_339_2024\shape_parques_procesamiento.gdb\Estructura_ecologica_principal_20240306,REGLAID,-1,-1;OVERRIDE "Override" true true true 0 Blob 0 0,First,#,R:\DATOS\4_TEMPO_TAREAS\5_MANTENIMIENTO_BDG\PROYECTO_FASE_2024\COMPILADO\IDRD\RESOLUCION_339_2024\shape_parques_procesamiento.gdb\Estructura_ecologica_principal_20240306,OVERRIDE,-1,-1" # # # NOT_UPDATE_GEOMETRY</Process><Process ToolSource="c:\program files\arcgis\pro\Resources\ArcToolbox\toolboxes\Data Management Tools.tbx\Append" Date="20240502" Time="152032">Append R:\DATOS\0_URGENTE_TAREAS_VARIAS\MATRIZ_BDG\_AA_INFORMACION_HOMOLOGADA\A_INFORMACION_HOMOLOGADA_CAMBIOS_ESTRUCTURA_NUEVA_BASE_1.gdb\Estruct_Ecolog_Princ_Distrital_555\Estructura_ecologica_principal_20240306 "C:\Users\aramirez\AppData\Roaming\Esri\ArcGISPro\Favorites\sde (1).sde\ADMBDG.Estruct_Ecolog_Princ_Distrital\ADMBDG.Estructura_ecologica_principal" "Use the field map to reconcile field differences" "CODIGO_ID "Identificador Único" true true false 20 Text 0 0,First,#,R:\DATOS\0_URGENTE_TAREAS_VARIAS\MATRIZ_BDG\_AA_INFORMACION_HOMOLOGADA\A_INFORMACION_HOMOLOGADA_CAMBIOS_ESTRUCTURA_NUEVA_BASE_1.gdb\Estruct_Ecolog_Princ_Distrital_555\Estructura_ecologica_principal_20240306,CODIGO_ID,0,19;COMPONENTE "Componente" true true false 255 Text 0 0,First,#,R:\DATOS\0_URGENTE_TAREAS_VARIAS\MATRIZ_BDG\_AA_INFORMACION_HOMOLOGADA\A_INFORMACION_HOMOLOGADA_CAMBIOS_ESTRUCTURA_NUEVA_BASE_1.gdb\Estruct_Ecolog_Princ_Distrital_555\Estructura_ecologica_principal_20240306,COMPONENTE,0,254;CATEGORIA "Categoría" true true false 255 Text 0 0,First,#,R:\DATOS\0_URGENTE_TAREAS_VARIAS\MATRIZ_BDG\_AA_INFORMACION_HOMOLOGADA\A_INFORMACION_HOMOLOGADA_CAMBIOS_ESTRUCTURA_NUEVA_BASE_1.gdb\Estruct_Ecolog_Princ_Distrital_555\Estructura_ecologica_principal_20240306,CATEGORIA,0,254;ELEMENTO "Elemento" true true false 255 Text 0 0,First,#,R:\DATOS\0_URGENTE_TAREAS_VARIAS\MATRIZ_BDG\_AA_INFORMACION_HOMOLOGADA\A_INFORMACION_HOMOLOGADA_CAMBIOS_ESTRUCTURA_NUEVA_BASE_1.gdb\Estruct_Ecolog_Princ_Distrital_555\Estructura_ecologica_principal_20240306,ELEMENTO,0,254;AREA_AMBIENTAL "Área Ambiental" true true false 255 Text 0 0,First,#,R:\DATOS\0_URGENTE_TAREAS_VARIAS\MATRIZ_BDG\_AA_INFORMACION_HOMOLOGADA\A_INFORMACION_HOMOLOGADA_CAMBIOS_ESTRUCTURA_NUEVA_BASE_1.gdb\Estruct_Ecolog_Princ_Distrital_555\Estructura_ecologica_principal_20240306,AREA_AMBIENTAL,0,254;NOMBRE_TOTAL "Nombre Total" true true false 255 Text 0 0,First,#,R:\DATOS\0_URGENTE_TAREAS_VARIAS\MATRIZ_BDG\_AA_INFORMACION_HOMOLOGADA\A_INFORMACION_HOMOLOGADA_CAMBIOS_ESTRUCTURA_NUEVA_BASE_1.gdb\Estruct_Ecolog_Princ_Distrital_555\Estructura_ecologica_principal_20240306,NOMBRE_TOTAL,0,254;ACTO_ADMINISTRATIVO "Acto Administrativo" true true false 1073741822 Text 0 0,First,#,R:\DATOS\0_URGENTE_TAREAS_VARIAS\MATRIZ_BDG\_AA_INFORMACION_HOMOLOGADA\A_INFORMACION_HOMOLOGADA_CAMBIOS_ESTRUCTURA_NUEVA_BASE_1.gdb\Estruct_Ecolog_Princ_Distrital_555\Estructura_ecologica_principal_20240306,ACTO_ADMINISTRATIVO,0,1073741821;NORMATIVA "Normativa" true true false 255 Text 0 0,First,#,R:\DATOS\0_URGENTE_TAREAS_VARIAS\MATRIZ_BDG\_AA_INFORMACION_HOMOLOGADA\A_INFORMACION_HOMOLOGADA_CAMBIOS_ESTRUCTURA_NUEVA_BASE_1.gdb\Estruct_Ecolog_Princ_Distrital_555\Estructura_ecologica_principal_20240306,NORMATIVA,0,254;OBSERVACION "Observación" true true false 255 Text 0 0,First,#,R:\DATOS\0_URGENTE_TAREAS_VARIAS\MATRIZ_BDG\_AA_INFORMACION_HOMOLOGADA\A_INFORMACION_HOMOLOGADA_CAMBIOS_ESTRUCTURA_NUEVA_BASE_1.gdb\Estruct_Ecolog_Princ_Distrital_555\Estructura_ecologica_principal_20240306,OBSERVACION,0,254;ESCALA_CAPTURA "Escala Captura" true true false 10 Text 0 0,First,#,R:\DATOS\0_URGENTE_TAREAS_VARIAS\MATRIZ_BDG\_AA_INFORMACION_HOMOLOGADA\A_INFORMACION_HOMOLOGADA_CAMBIOS_ESTRUCTURA_NUEVA_BASE_1.gdb\Estruct_Ecolog_Princ_Distrital_555\Estructura_ecologica_principal_20240306,ESCALA_CAPTURA,0,9;FECHA_CAPTURA "Fecha Actualización" true true false 8 Date 0 0,First,#,R:\DATOS\0_URGENTE_TAREAS_VARIAS\MATRIZ_BDG\_AA_INFORMACION_HOMOLOGADA\A_INFORMACION_HOMOLOGADA_CAMBIOS_ESTRUCTURA_NUEVA_BASE_1.gdb\Estruct_Ecolog_Princ_Distrital_555\Estructura_ecologica_principal_20240306,FECHA_CAPTURA,-1,-1;RESPONSABLE "Responsable" true true false 4 Text 0 0,First,#,R:\DATOS\0_URGENTE_TAREAS_VARIAS\MATRIZ_BDG\_AA_INFORMACION_HOMOLOGADA\A_INFORMACION_HOMOLOGADA_CAMBIOS_ESTRUCTURA_NUEVA_BASE_1.gdb\Estruct_Ecolog_Princ_Distrital_555\Estructura_ecologica_principal_20240306,RESPONSABLE,0,3;REGLAID "ReglaID" true true true 4 Long 0 10,First,#,R:\DATOS\0_URGENTE_TAREAS_VARIAS\MATRIZ_BDG\_AA_INFORMACION_HOMOLOGADA\A_INFORMACION_HOMOLOGADA_CAMBIOS_ESTRUCTURA_NUEVA_BASE_1.gdb\Estruct_Ecolog_Princ_Distrital_555\Estructura_ecologica_principal_20240306,REGLAID,-1,-1;OVERRIDE "Override" true true true 0 Blob 0 0,First,#,R:\DATOS\0_URGENTE_TAREAS_VARIAS\MATRIZ_BDG\_AA_INFORMACION_HOMOLOGADA\A_INFORMACION_HOMOLOGADA_CAMBIOS_ESTRUCTURA_NUEVA_BASE_1.gdb\Estruct_Ecolog_Princ_Distrital_555\Estructura_ecologica_principal_20240306,OVERRIDE,-1,-1" # # # NOT_UPDATE_GEOMETRY</Process><Process ToolSource="c:\program files\arcgis\pro\Resources\ArcToolbox\toolboxes\Data Management Tools.tbx\CalculateField" Date="20240515" Time="081406">CalculateField "Estructura ecológica principal" OBSERVACION "Auto del 30/06/2023 del Tribunal Administrativo de Cundinamarca, decretó la medida cautelar de suspensión provisional de la Resolución 2304 de 2019, Por Medio de la cual se Aprueba la Modificación del Curso del Rio Tunjuelo, se Delimita su Corredor Eco..." Python # Text NO_ENFORCE_DOMAINS</Process><Process ToolSource="c:\program files\arcgis\pro\Resources\ArcToolbox\toolboxes\Data Management Tools.tbx\CalculateField" Date="20240515" Time="081446">CalculateField "Estructura ecológica principal" FECHA_CAPTURA "04/03/2024" Python # Text NO_ENFORCE_DOMAINS</Process><Process ToolSource="c:\program files\arcgis\pro\Resources\ArcToolbox\toolboxes\Conversion Tools.tbx\ExportFeatures" Date="20240515" Time="082953">ExportFeatures "Estructura ecológica principal" R:\DATOS\4_TEMPO_TAREAS\IDECA\ENTREGAS_INFO_PARA_IDECA\2023_04_14_BASE_PARA_DATOS_ABIERTOS\SDP_DATOS_ABIERTOS\Tempo.gdb\EstructuraEcologicaPrincipal # NOT_USE_ALIAS "CODIGO_ID "Identificador Único" true true false 20 Text 0 0,First,#,Estructura ecológica principal,CODIGO_ID,0,19;COMPONENTE "Componente" true true false 255 Text 0 0,First,#,Estructura ecológica principal,COMPONENTE,0,254;CATEGORIA "Categoría" true true false 255 Text 0 0,First,#,Estructura ecológica principal,CATEGORIA,0,254;ELEMENTO "Elemento" true true false 255 Text 0 0,First,#,Estructura ecológica principal,ELEMENTO,0,254;AREA_AMBIENTAL "Área Ambiental" true true false 255 Text 0 0,First,#,Estructura ecológica principal,AREA_AMBIENTAL,0,254;NOMBRE_TOTAL "Nombre Total" true true false 255 Text 0 0,First,#,Estructura ecológica principal,NOMBRE_TOTAL,0,254;ACTO_ADMINISTRATIVO "Acto Administrativo" true true false 1073741822 Text 0 0,First,#,Estructura ecológica principal,ACTO_ADMINISTRATIVO,0,1073741821;NORMATIVA "Normativa" true true false 255 Text 0 0,First,#,Estructura ecológica principal,NORMATIVA,0,254;OBSERVACION "Observación" true true false 255 Text 0 0,First,#,Estructura ecológica principal,OBSERVACION,0,254;ESCALA_CAPTURA "Escala Captura" true true false 10 Text 0 0,First,#,Estructura ecológica principal,ESCALA_CAPTURA,0,9;FECHA_CAPTURA "Fecha Actualización" true true false 8 Date 0 0,First,#,Estructura ecológica principal,FECHA_CAPTURA,-1,-1;RESPONSABLE "Responsable" true true false 4 Text 0 0,First,#,Estructura ecológica principal,RESPONSABLE,0,3;REGLAID "ReglaID" true true true 4 Long 0 10,First,#,Estructura ecológica principal,REGLAID,-1,-1;OVERRIDE "Override" true true true 0 Blob 0 0,First,#,Estructura ecológica principal,OVERRIDE,-1,-1" #</Process><Process ToolSource="c:\program files\arcgis\pro\Resources\ArcToolbox\toolboxes\Conversion Tools.tbx\ExportFeatures" Date="20240515" Time="083510">ExportFeatures R:\DATOS\4_TEMPO_TAREAS\IDECA\ENTREGAS_INFO_PARA_IDECA\2023_04_14_BASE_PARA_DATOS_ABIERTOS\SDP_DATOS_ABIERTOS\Tempo.gdb\EstructuraEcologicaPrincipal "R:\DATOS\4_TEMPO_TAREAS\IDECA\ENTREGAS_INFO_PARA_IDECA\2023_04_14_BASE_PARA_DATOS_ABIERTOS\SDP_DATOS_ABIERTOS\FormatoSHP (1)\EstructuraEcologicaPrincipal.shp" # NOT_USE_ALIAS "CODIGO_ID "Identificador Único" true true false 20 Text 0 0,First,#,R:\DATOS\4_TEMPO_TAREAS\IDECA\ENTREGAS_INFO_PARA_IDECA\2023_04_14_BASE_PARA_DATOS_ABIERTOS\SDP_DATOS_ABIERTOS\Tempo.gdb\EstructuraEcologicaPrincipal,CODIGO_ID,0,19;COMPONENTE "Componente" true true false 255 Text 0 0,First,#,R:\DATOS\4_TEMPO_TAREAS\IDECA\ENTREGAS_INFO_PARA_IDECA\2023_04_14_BASE_PARA_DATOS_ABIERTOS\SDP_DATOS_ABIERTOS\Tempo.gdb\EstructuraEcologicaPrincipal,COMPONENTE,0,254;CATEGORIA "Categoría" true true false 255 Text 0 0,First,#,R:\DATOS\4_TEMPO_TAREAS\IDECA\ENTREGAS_INFO_PARA_IDECA\2023_04_14_BASE_PARA_DATOS_ABIERTOS\SDP_DATOS_ABIERTOS\Tempo.gdb\EstructuraEcologicaPrincipal,CATEGORIA,0,254;ELEMENTO "Elemento" true true false 255 Text 0 0,First,#,R:\DATOS\4_TEMPO_TAREAS\IDECA\ENTREGAS_INFO_PARA_IDECA\2023_04_14_BASE_PARA_DATOS_ABIERTOS\SDP_DATOS_ABIERTOS\Tempo.gdb\EstructuraEcologicaPrincipal,ELEMENTO,0,254;AREA_AMBIENTAL "Área Ambiental" true true false 255 Text 0 0,First,#,R:\DATOS\4_TEMPO_TAREAS\IDECA\ENTREGAS_INFO_PARA_IDECA\2023_04_14_BASE_PARA_DATOS_ABIERTOS\SDP_DATOS_ABIERTOS\Tempo.gdb\EstructuraEcologicaPrincipal,AREA_AMBIENTAL,0,254;NOMBRE_TOTAL "Nombre Total" true true false 255 Text 0 0,First,#,R:\DATOS\4_TEMPO_TAREAS\IDECA\ENTREGAS_INFO_PARA_IDECA\2023_04_14_BASE_PARA_DATOS_ABIERTOS\SDP_DATOS_ABIERTOS\Tempo.gdb\EstructuraEcologicaPrincipal,NOMBRE_TOTAL,0,254;ACTO_ADMINISTRATIVO "Acto Administrativo" true true false 1073741822 Text 0 0,First,#,R:\DATOS\4_TEMPO_TAREAS\IDECA\ENTREGAS_INFO_PARA_IDECA\2023_04_14_BASE_PARA_DATOS_ABIERTOS\SDP_DATOS_ABIERTOS\Tempo.gdb\EstructuraEcologicaPrincipal,ACTO_ADMINISTRATIVO,0,1073741821;NORMATIVA "Normativa" true true false 255 Text 0 0,First,#,R:\DATOS\4_TEMPO_TAREAS\IDECA\ENTREGAS_INFO_PARA_IDECA\2023_04_14_BASE_PARA_DATOS_ABIERTOS\SDP_DATOS_ABIERTOS\Tempo.gdb\EstructuraEcologicaPrincipal,NORMATIVA,0,254;OBSERVACION "Observación" true true false 255 Text 0 0,First,#,R:\DATOS\4_TEMPO_TAREAS\IDECA\ENTREGAS_INFO_PARA_IDECA\2023_04_14_BASE_PARA_DATOS_ABIERTOS\SDP_DATOS_ABIERTOS\Tempo.gdb\EstructuraEcologicaPrincipal,OBSERVACION,0,254;ESCALA_CAPTURA "Escala Captura" true true false 10 Text 0 0,First,#,R:\DATOS\4_TEMPO_TAREAS\IDECA\ENTREGAS_INFO_PARA_IDECA\2023_04_14_BASE_PARA_DATOS_ABIERTOS\SDP_DATOS_ABIERTOS\Tempo.gdb\EstructuraEcologicaPrincipal,ESCALA_CAPTURA,0,9;FECHA_CAPTURA "Fecha Actualización" true true false 8 Date 0 0,First,#,R:\DATOS\4_TEMPO_TAREAS\IDECA\ENTREGAS_INFO_PARA_IDECA\2023_04_14_BASE_PARA_DATOS_ABIERTOS\SDP_DATOS_ABIERTOS\Tempo.gdb\EstructuraEcologicaPrincipal,FECHA_CAPTURA,-1,-1;RESPONSABLE "Responsable" true true false 4 Text 0 0,First,#,R:\DATOS\4_TEMPO_TAREAS\IDECA\ENTREGAS_INFO_PARA_IDECA\2023_04_14_BASE_PARA_DATOS_ABIERTOS\SDP_DATOS_ABIERTOS\Tempo.gdb\EstructuraEcologicaPrincipal,RESPONSABLE,0,3;REGLAID "ReglaID" true true false 4 Long 0 0,First,#,R:\DATOS\4_TEMPO_TAREAS\IDECA\ENTREGAS_INFO_PARA_IDECA\2023_04_14_BASE_PARA_DATOS_ABIERTOS\SDP_DATOS_ABIERTOS\Tempo.gdb\EstructuraEcologicaPrincipal,REGLAID,-1,-1;Shape_Length "Shape_Length" false true true 8 Double 0 0,First,#,R:\DATOS\4_TEMPO_TAREAS\IDECA\ENTREGAS_INFO_PARA_IDECA\2023_04_14_BASE_PARA_DATOS_ABIERTOS\SDP_DATOS_ABIERTOS\Tempo.gdb\EstructuraEcologicaPrincipal,Shape_Length,-1,-1;Shape_Area "Shape_Area" false true true 8 Double 0 0,First,#,R:\DATOS\4_TEMPO_TAREAS\IDECA\ENTREGAS_INFO_PARA_IDECA\2023_04_14_BASE_PARA_DATOS_ABIERTOS\SDP_DATOS_ABIERTOS\Tempo.gdb\EstructuraEcologicaPrincipal,Shape_Area,-1,-1" #</Process></lineage><itemProps><itemName Sync="TRUE">EstructuraEcologicaPrincipal</itemName><imsContentType Sync="TRUE">002</imsContentType><nativeExtBox><westBL Sync="TRUE">58642.267500</westBL><eastBL Sync="TRUE">110101.770900</eastBL><southBL Sync="TRUE">4293.244000</southBL><northBL Sync="TRUE">126611.464100</northBL><exTypeCode Sync="TRUE">1</exTypeCode></nativeExtBox><itemLocation><linkage Sync="TRUE">file://\\1061SDP20\R\DATOS\4_TEMPO_TAREAS\IDECA\ENTREGAS_INFO_PARA_IDECA\2023_04_14_BASE_PARA_DATOS_ABIERTOS\SDP_DATOS_ABIERTOS\FormatoSHP (1)\EstructuraEcologicaPrincipal.shp</linkage><protocol Sync="TRUE">Local Area Network</protocol></itemLocation><itemSize Sync="TRUE">0.000</itemSize></itemProps><coordRef><type Sync="TRUE">Projected</type><geogcsn Sync="TRUE">GCS_CarMAGBOG</geogcsn><csUnits Sync="TRUE">Linear Unit: Meter (1.000000)</csUnits><projcsn Sync="TRUE">PCS_CarMAGBOG</projcsn><peXml Sync="TRUE">&lt;ProjectedCoordinateSystem xsi:type='typens:ProjectedCoordinateSystem' xmlns:xsi='http://www.w3.org/2001/XMLSchema-instance' xmlns:xs='http://www.w3.org/2001/XMLSchema' xmlns:typens='http://www.esri.com/schemas/ArcGIS/3.2.0'&gt;&lt;WKT&gt;PROJCS[&amp;quot;PCS_CarMAGBOG&amp;quot;,GEOGCS[&amp;quot;GCS_CarMAGBOG&amp;quot;,DATUM[&amp;quot;CGS_CarMAGBOG&amp;quot;,SPHEROID[&amp;quot;GRS80 Mod&amp;quot;,6380687.0,298.257222101]],PRIMEM[&amp;quot;Greenwich&amp;quot;,0.0],UNIT[&amp;quot;Degree&amp;quot;,0.0174532925199433]],PROJECTION[&amp;quot;Transverse_Mercator&amp;quot;],PARAMETER[&amp;quot;False_Easting&amp;quot;,92334.879],PARAMETER[&amp;quot;False_Northing&amp;quot;,109320.965],PARAMETER[&amp;quot;Central_Meridian&amp;quot;,-74.14659167],PARAMETER[&amp;quot;Scale_Factor&amp;quot;,1.0],PARAMETER[&amp;quot;Latitude_Of_Origin&amp;quot;,4.680486111],UNIT[&amp;quot;Meter&amp;quot;,1.0]]&lt;/WKT&gt;&lt;XOrigin&gt;-5533100&lt;/XOrigin&gt;&lt;YOrigin&gt;-10414600&lt;/YOrigin&gt;&lt;XYScale&gt;450083161.59267002&lt;/XYScale&gt;&lt;ZOrigin&gt;-100000&lt;/ZOrigin&gt;&lt;ZScale&gt;10000&lt;/ZScale&gt;&lt;MOrigin&gt;-100000&lt;/MOrigin&gt;&lt;MScale&gt;10000&lt;/MScale&gt;&lt;XYTolerance&gt;0.001&lt;/XYTolerance&gt;&lt;ZTolerance&gt;0.001&lt;/ZTolerance&gt;&lt;MTolerance&gt;0.001&lt;/MTolerance&gt;&lt;HighPrecision&gt;true&lt;/HighPrecision&gt;&lt;/ProjectedCoordinateSystem&gt;</peXml></coordRef></DataProperties><SyncDate>20240515</SyncDate><SyncTime>08350700</SyncTime><ModDate>20240515</ModDate><ModTime>08350700</ModTime></Esri><dataIdInfo><envirDesc Sync="TRUE">Microsoft Windows 10 Version 10.0 (Build 19045) ; Esri ArcGIS 13.2.0.49743</envirDesc><dataLang><languageCode value="spa" Sync="TRUE"></languageCode><countryCode value="COL" Sync="TRUE"></countryCode></dataLang><idCitation><resTitle Sync="TRUE">EstructuraEcologicaPrincipal</resTitle><presForm><PresFormCd value="005" Sync="TRUE"></PresFormCd></presForm></idCitation><spatRpType><SpatRepTypCd value="001" Sync="TRUE"></SpatRepTypCd></spatRpType><dataExt><geoEle><GeoBndBox esriExtentType="search"><exTypeCode Sync="TRUE">1</exTypeCode><westBL Sync="TRUE">-74.450209</westBL><eastBL Sync="TRUE">-73.986487</eastBL><northBL Sync="TRUE">4.836783</northBL><southBL Sync="TRUE">3.731026</southBL></GeoBndBox></geoEle></dataExt></dataIdInfo><mdLang><languageCode value="spa" Sync="TRUE"></languageCode><countryCode value="COL" Sync="TRUE"></countryCode></mdLang><distInfo><distFormat><formatName Sync="TRUE">Shapefile</formatName></distFormat><distTranOps><transSize Sync="TRUE">0.000</transSize></distTranOps></distInfo><mdHrLv><ScopeCd value="005" Sync="TRUE"></ScopeCd></mdHrLv><mdHrLvName Sync="TRUE">dataset</mdHrLvName><refSysInfo><RefSystem><refSysID><identCode code="0" Sync="TRUE"></identCode></refSysID></RefSystem></refSysInfo><spatRepInfo><VectSpatRep><geometObjs Name="EstructuraEcologicaPrincipal"><geoObjTyp><GeoObjTypCd value="002" Sync="TRUE"></GeoObjTypCd></geoObjTyp><geoObjCnt Sync="TRUE">0</geoObjCnt></geometObjs><topLvl><TopoLevCd value="001" Sync="TRUE"></TopoLevCd></topLvl></VectSpatRep></spatRepInfo><spdoinfo><ptvctinf><esriterm Name="EstructuraEcologicaPrincipal"><efeatyp Sync="TRUE">Simple</efeatyp><efeageom code="4" Sync="TRUE"></efeageom><esritopo Sync="TRUE">FALSE</esritopo><efeacnt Sync="TRUE">0</efeacnt><spindex Sync="TRUE">FALSE</spindex><linrefer Sync="TRUE">FALSE</linrefer></esriterm></ptvctinf></spdoinfo><eainfo><detailed Name="EstructuraEcologicaPrincipal"><enttyp><enttypl Sync="TRUE">EstructuraEcologicaPrincipal</enttypl><enttypt Sync="TRUE">Feature Class</enttypt><enttypc Sync="TRUE">0</enttypc></enttyp><attr><attrlabl Sync="TRUE">FID</attrlabl><attalias Sync="TRUE">FID</attalias><attrtype Sync="TRUE">OID</attrtype><attwidth Sync="TRUE">4</attwidth><atprecis Sync="TRUE">0</atprecis><attscale Sync="TRUE">0</attscale><attrdef Sync="TRUE">Internal feature number.</attrdef><attrdefs Sync="TRUE">Esri</attrdefs><attrdomv><udom Sync="TRUE">Sequential unique whole numbers that are automatically generated.</udom></attrdomv></attr><attr><attrlabl Sync="TRUE">CODIGO_ID</attrlabl><attalias Sync="TRUE">CODIGO_ID</attalias><attrtype Sync="TRUE">String</attrtype><attwidth Sync="TRUE">20</attwidth><atprecis Sync="TRUE">0</atprecis><attscale Sync="TRUE">0</attscale></attr><attr><attrlabl Sync="TRUE">COMPONENTE</attrlabl><attalias Sync="TRUE">COMPONENTE</attalias><attrtype Sync="TRUE">String</attrtype><attwidth Sync="TRUE">254</attwidth><atprecis Sync="TRUE">0</atprecis><attscale Sync="TRUE">0</attscale></attr><attr><attrlabl Sync="TRUE">CATEGORIA</attrlabl><attalias Sync="TRUE">CATEGORIA</attalias><attrtype Sync="TRUE">String</attrtype><attwidth Sync="TRUE">254</attwidth><atprecis Sync="TRUE">0</atprecis><attscale Sync="TRUE">0</attscale></attr><attr><attrlabl Sync="TRUE">ELEMENTO</attrlabl><attalias Sync="TRUE">ELEMENTO</attalias><attrtype Sync="TRUE">String</attrtype><attwidth Sync="TRUE">254</attwidth><atprecis Sync="TRUE">0</atprecis><attscale Sync="TRUE">0</attscale></attr><attr><attrlabl Sync="TRUE">NORMATIVA</attrlabl><attalias Sync="TRUE">NORMATIVA</attalias><attrtype Sync="TRUE">String</attrtype><attwidth Sync="TRUE">254</attwidth><atprecis Sync="TRUE">0</atprecis><attscale Sync="TRUE">0</attscale></attr><attr><attrlabl Sync="TRUE">AREA_AMBIE</attrlabl><attalias Sync="TRUE">AREA_AMBIE</attalias><attrtype Sync="TRUE">String</attrtype><attwidth Sync="TRUE">254</attwidth><atprecis Sync="TRUE">0</atprecis><attscale Sync="TRUE">0</attscale></attr><attr><attrlabl Sync="TRUE">NOMBRE_TOT</attrlabl><attalias Sync="TRUE">NOMBRE_TOT</attalias><attrtype Sync="TRUE">String</attrtype><attwidth Sync="TRUE">254</attwidth><atprecis Sync="TRUE">0</atprecis><attscale Sync="TRUE">0</attscale></attr><attr><attrlabl Sync="TRUE">ACTO_ADMIN</attrlabl><attalias Sync="TRUE">ACTO_ADMIN</attalias><attrtype Sync="TRUE">String</attrtype><attwidth Sync="TRUE">254</attwidth><atprecis Sync="TRUE">0</atprecis><attscale Sync="TRUE">0</attscale></attr><attr><attrlabl Sync="TRUE">REGLAID</attrlabl><attalias Sync="TRUE">REGLAID</attalias><attrtype Sync="TRUE">Integer</attrtype><attwidth Sync="TRUE">10</attwidth><atprecis Sync="TRUE">10</atprecis><attscale Sync="TRUE">0</attscale></attr><attr><attrlabl Sync="TRUE">OBSERVACIO</attrlabl><attalias Sync="TRUE">OBSERVACIO</attalias><attrtype Sync="TRUE">String</attrtype><attwidth Sync="TRUE">254</attwidth><atprecis Sync="TRUE">0</atprecis><attscale Sync="TRUE">0</attscale></attr><attr><attrlabl Sync="TRUE">ESCALA_CAP</attrlabl><attalias Sync="TRUE">ESCALA_CAP</attalias><attrtype Sync="TRUE">String</attrtype><attwidth Sync="TRUE">10</attwidth><atprecis Sync="TRUE">0</atprecis><attscale Sync="TRUE">0</attscale></attr><attr><attrlabl Sync="TRUE">FECHA_CAPT</attrlabl><attalias Sync="TRUE">FECHA_CAPT</attalias><attrtype Sync="TRUE">Date</attrtype><attwidth Sync="TRUE">8</attwidth><atprecis Sync="TRUE">0</atprecis><attscale Sync="TRUE">0</attscale></attr><attr><attrlabl Sync="TRUE">RESPONSABL</attrlabl><attalias Sync="TRUE">RESPONSABL</attalias><attrtype Sync="TRUE">String</attrtype><attwidth Sync="TRUE">4</attwidth><atprecis Sync="TRUE">0</atprecis><attscale Sync="TRUE">0</attscale></attr><attr><attrlabl Sync="TRUE">SHAPE</attrlabl><attalias Sync="TRUE">Shape</attalias><attrtype Sync="TRUE">Geometry</attrtype><attwidth Sync="TRUE">0</attwidth><atprecis Sync="TRUE">0</atprecis><attscale Sync="TRUE">0</attscale><attrdef Sync="TRUE">Feature geometry.</attrdef><attrdefs Sync="TRUE">Esri</attrdefs><attrdomv><udom Sync="TRUE">Coordinates defining the features.</udom></attrdomv></attr><attr><attrlabl Sync="TRUE">Shape_Leng</attrlabl><attalias Sync="TRUE">Shape_Leng</attalias><attrtype Sync="TRUE">Double</attrtype><attwidth Sync="TRUE">19</attwidth><atprecis Sync="TRUE">0</atprecis><attscale Sync="TRUE">0</attscale></attr><attr><attrlabl Sync="TRUE">Shape_Area</attrlabl><attalias Sync="TRUE">Shape_Area</attalias><attrtype Sync="TRUE">Double</attrtype><attwidth Sync="TRUE">19</attwidth><atprecis Sync="TRUE">0</atprecis><attscale Sync="TRUE">0</attscale><attrdef Sync="TRUE">Area of feature in internal units squared.</attrdef><attrdefs Sync="TRUE">Esri</attrdefs><attrdomv><udom Sync="TRUE">Positive real numbers that are automatically generated.</udom></attrdomv></attr></detailed></eainfo><mdDateSt Sync="TRUE">20240515</mdDateSt></metadata>
